{
  "project_info": {
    "project_number": "933485564742",
    "project_id": "finestfabric-97bf6",
    "storage_bucket": "finestfabric-97bf6.appspot.com"
  },
  "client": [
    {
      "client_info": {
        "mobilesdk_app_id": "1:933485564742:android:25f23fc251e6834c27cb47",
        "android_client_info": {
          "package_name": "com.example.finestfabric"
        }
      },
      "oauth_client": [],
      "api_key": [
        {
          "current_key": "AIzaSyBqq5TS3UM-QMkJx-2hTdW200YxIMwyBlU"
        }
      ],
      "services": {
        "appinvite_service": {
          "other_platform_oauth_client": []
        }
      }
    }
  ],
  "configuration_version": "1"
}