{
  "project_info": {
    "project_number": "648480653786",
    "firebase_url": "https://fir-g1-f9256-default-rtdb.firebaseio.com",
    "project_id": "fir-g1-f9256",
    "storage_bucket": "fir-g1-f9256.appspot.com"
  },
  "client": [
    {
      "client_info": {
        "mobilesdk_app_id": "1:648480653786:android:1126dde9ee02ea361540e3",
        "android_client_info": {
          "package_name": "com.example.deema"
        }
      },
      "oauth_client": [
        {
          "client_id": "648480653786-t09msrvolh6sq991vsr3ogpl3vlncv79.apps.googleusercontent.com",
          "client_type": 3
        }
      ],
      "api_key": [
        {
          "current_key": "AIzaSyBvOAJpEOfDWAT9uw7d0VkMpYPRdP9Y0Pc"
        }
      ],
      "services": {
        "appinvite_service": {
          "other_platform_oauth_client": [
            {
              "client_id": "648480653786-t09msrvolh6sq991vsr3ogpl3vlncv79.apps.googleusercontent.com",
              "client_type": 3
            }
          ]
        }
      }
    },
    {
      "client_info": {
        "mobilesdk_app_id": "1:648480653786:android:92222245c14058691540e3",
        "android_client_info": {
          "package_name": "com.example.finestfabric"
        }
      },
      "oauth_client": [
        {
          "client_id": "648480653786-t09msrvolh6sq991vsr3ogpl3vlncv79.apps.googleusercontent.com",
          "client_type": 3
        }
      ],
      "api_key": [
        {
          "current_key": "AIzaSyBvOAJpEOfDWAT9uw7d0VkMpYPRdP9Y0Pc"
        }
      ],
      "services": {
        "appinvite_service": {
          "other_platform_oauth_client": [
            {
              "client_id": "648480653786-t09msrvolh6sq991vsr3ogpl3vlncv79.apps.googleusercontent.com",
              "client_type": 3
            }
          ]
        }
      }
    },
    {
      "client_info": {
        "mobilesdk_app_id": "1:648480653786:android:30017ffe7942d4f11540e3",
        "android_client_info": {
          "package_name": "com.example.firebaseg1"
        }
      },
      "oauth_client": [
        {
          "client_id": "648480653786-e2816cqk6nbsv358ltd7o10cvf8gdqh6.apps.googleusercontent.com",
          "client_type": 1,
          "android_info": {
            "package_name": "com.example.firebaseg1",
            "certificate_hash": "ed2fc319bf3f036a53706398b4b20589057d733d"
          }
        },
        {
          "client_id": "648480653786-t09msrvolh6sq991vsr3ogpl3vlncv79.apps.googleusercontent.com",
          "client_type": 3
        }
      ],
      "api_key": [
        {
          "current_key": "AIzaSyBvOAJpEOfDWAT9uw7d0VkMpYPRdP9Y0Pc"
        }
      ],
      "services": {
        "appinvite_service": {
          "other_platform_oauth_client": [
            {
              "client_id": "648480653786-t09msrvolh6sq991vsr3ogpl3vlncv79.apps.googleusercontent.com",
              "client_type": 3
            }
          ]
        }
      }
    },
    {
      "client_info": {
        "mobilesdk_app_id": "1:648480653786:android:b7da4fd16ba14b5b1540e3",
        "android_client_info": {
          "package_name": "com.example.myapplication"
        }
      },
      "oauth_client": [
        {
          "client_id": "648480653786-t09msrvolh6sq991vsr3ogpl3vlncv79.apps.googleusercontent.com",
          "client_type": 3
        }
      ],
      "api_key": [
        {
          "current_key": "AIzaSyBvOAJpEOfDWAT9uw7d0VkMpYPRdP9Y0Pc"
        }
      ],
      "services": {
        "appinvite_service": {
          "other_platform_oauth_client": [
            {
              "client_id": "648480653786-t09msrvolh6sq991vsr3ogpl3vlncv79.apps.googleusercontent.com",
              "client_type": 3
            }
          ]
        }
      }
    }
  ],
  "configuration_version": "1"
}